{
  "name": "memory_bandwidth",
  "device_info": {
    "name": "NVIDIA H100",
    "total_memory": 99977658368,
    "major": 9,
    "minor": 0
  },
  "parameters": {
    "operations": [
      "zero",
      "fill",
      "copy"
    ],
    "sizes_bytes": [
      1,
      2,
      4,
      8,
      16,
      32,
      64,
      128,
      256,
      512,
      1024,
      2048,
      4096,
      8192,
      16384,
      32768,
      65536,
      131072,
      262144,
      524288,
      1048576,
      2097152,
      4194304,
      8388608,
      16777216,
      33554432,
      67108864,
      134217728,
      268435456,
      536870912,
      1073741824,
      2147483648,
      4294967296,
      8589934592,
      17179869184,
      34359738368
    ],
    "runs": 10,
    "n_warmup": 5
  },
  "results": {
    "zero": {
      "size_bytes": [
        1,
        2,
        4,
        8,
        16,
        32,
        64,
        128,
        256,
        512,
        1024,
        2048,
        4096,
        8192,
        16384,
        32768,
        65536,
        131072,
        262144,
        524288,
        1048576,
        2097152,
        4194304,
        8388608,
        16777216,
        33554432,
        67108864,
        134217728,
        268435456,
        536870912,
        1073741824,
        2147483648,
        4294967296,
        8589934592,
        17179869184,
        34359738368
      ],
      "latency_mean": [
        2.004479989409447e-05,
        1.8246400170028212e-05,
        2.4118399806320668e-05,
        2.3625599965453144e-05,
        2.2799999825656417e-05,
        2.327679991722107e-05,
        2.246080003678799e-05,
        2.2665600106120108e-05,
        2.255680002272129e-05,
        2.2841600142419335e-05,
        2.3337600007653236e-05,
        2.280639987438917e-05,
        2.3376000113785267e-05,
        2.2521599940955642e-05,
        2.341760005801916e-05,
        2.2537599690258502e-05,
        2.263680007308722e-05,
        2.2559999860823153e-05,
        2.2502400167286395e-05,
        2.2479999996721747e-05,
        2.279359996318817e-05,
        2.2774400003254412e-05,
        2.2579200193285945e-05,
        2.3308800347149372e-05,
        2.6607999950647354e-05,
        3.248000033199787e-05,
        5.005759969353676e-05,
        7.914879918098449e-05,
        0.00013568959683179856,
        0.0002485888034105301,
        0.00047336319983005525,
        0.0009237919986248016,
        0.0018259487986564636,
        0.0036286847829818726,
        0.007236777639389039,
        0.01444719352722168
      ],
      "latency_std": [
        2.872958343972926e-06,
        5.306212445750867e-07,
        1.6315636609247417e-06,
        2.1517737138659003e-06,
        3.8883632956977927e-07,
        2.3366660812822603e-06,
        3.094086782825537e-07,
        7.337773404870685e-07,
        3.074165036472485e-07,
        4.500067491936386e-07,
        2.1331332141698174e-06,
        2.3122087371315957e-07,
        1.7650687413490134e-06,
        2.5229318915642106e-07,
        2.5675408754792493e-06,
        2.4623359771017897e-07,
        3.399237142981483e-07,
        2.4496176190439383e-07,
        3.599964007287245e-07,
        2.3438767949284045e-07,
        5.181730498239195e-07,
        1.039093546975827e-06,
        3.797633801001972e-07,
        3.829855872529051e-07,
        2.349560313429752e-06,
        3.130280797149057e-06,
        7.211082378387091e-07,
        5.80991901102619e-07,
        7.660028809295016e-07,
        1.0802762835457845e-06,
        7.72543746651777e-07,
        1.6301838666115356e-06,
        9.354203160423245e-07,
        1.4695102929370329e-06,
        5.557753425136404e-06,
        6.972519288826653e-06
      ],
      "bandwidth_mean": [
        4.988825058286646e-05,
        0.00010961066190388763,
        0.00016584848215973793,
        0.00033861573935468767,
        0.0007017543913309814,
        0.0013747594219910434,
        0.0028494087430178793,
        0.0056473245535395185,
        0.011349127524388797,
        0.02241524222504711,
        0.0438776909221254,
        0.08979935506172704,
        0.17522244952353982,
        0.3637396997316699,
        0.699644709936424,
        1.4539259038380834,
        2.8951088399599123,
        5.809929113856721,
        11.649601733645307,
        23.322419932226726,
        46.003088660565155,
        92.08374313704518,
        185.7596355980404,
        359.89016487611354,
        630.5327732681322,
        1033.0797923959271,
        1340.6328791403243,
        1695.7645521960849,
        1978.3053547778893,
        2159.6745494341053,
        2268.32551492277,
        2324.6398011639426,
        2352.183861431517,
        2367.2308579366927,
        2373.9667072941047,
        2378.298477365775
      ],
      "bandwidth_std": [
        7.150326595202621e-06,
        3.1875737294020976e-06,
        1.1219332911151099e-05,
        3.084046323099202e-05,
        1.196787736276912e-05,
        0.00013800667285510557,
        3.9252020926232e-05,
        0.00018282678474701536,
        0.00015467216535501515,
        0.0004416069900176896,
        0.004010564918259348,
        0.0009104236289203834,
        0.013230649680490779,
        0.00407471268065727,
        0.07671009781634054,
        0.015884806324819797,
        0.043474172453667054,
        0.06308557096852956,
        0.18637188312615272,
        0.24317116943369077,
        1.045800610305658,
        4.201367467920572,
        3.1243226729470077,
        5.913335053233656,
        55.67779551771836,
        99.56372546196923,
        19.312580287191363,
        12.447762710208435,
        11.168045572400102,
        9.385157995544159,
        3.7019791410768517,
        4.102211650654977,
        1.2050067190651212,
        0.9586586654786629,
        1.8231763163221208,
        1.1478168390818897
      ]
    },
    "fill": {
      "size_bytes": [
        1,
        2,
        4,
        8,
        16,
        32,
        64,
        128,
        256,
        512,
        1024,
        2048,
        4096,
        8192,
        16384,
        32768,
        65536,
        131072,
        262144,
        524288,
        1048576,
        2097152,
        4194304,
        8388608,
        16777216,
        33554432,
        67108864,
        134217728,
        268435456,
        536870912,
        1073741824,
        2147483648,
        4294967296,
        8589934592,
        17179869184,
        34359738368
      ],
      "latency_mean": [
        1.9100800156593324e-05,
        1.7891200259327887e-05,
        2.393280006945133e-05,
        2.2966400161385534e-05,
        2.3795200139284135e-05,
        2.283199951052666e-05,
        2.3001599870622158e-05,
        2.263999991118908e-05,
        2.266879975795746e-05,
        2.30944000184536e-05,
        2.2739200107753278e-05,
        2.376960013061762e-05,
        2.300480026751757e-05,
        2.3228799924254418e-05,
        2.308480013161898e-05,
        2.408320028334856e-05,
        2.285120002925396e-05,
        2.2899200208485128e-05,
        2.3427199944853786e-05,
        2.2889600135385987e-05,
        2.2876800037920477e-05,
        2.3033600114285943e-05,
        2.2985599935054778e-05,
        2.405119985342026e-05,
        2.6627199910581112e-05,
        3.230080008506775e-05,
        5.0080000236630446e-05,
        7.932479977607728e-05,
        0.00013560959845781328,
        0.00024837119877338414,
        0.00047603840231895444,
        0.0009233119964599608,
        0.0018265567898750306,
        0.0036291328191757205,
        0.0072537120342254634,
        0.014449404811859131
      ],