{
  "name": "memory_bandwidth",
  "device_info": {
    "name": "NVIDIA H100",
    "total_memory": 99977658368,
    "major": 9,
    "minor": 0
  },
  "parameters": {
    "operations": [
      "zero",
      "fill",
      "copy"
    ],
    "sizes_bytes": [
      1,
      2,
      4,
      8,
      16,
      32,
      64,
      128,
      256,
      512,
      1024,
      2048,
      4096,
      8192,
      16384,
      32768,
      65536,
      131072,
      262144,
      524288,
      1048576,
      2097152,
      4194304,
      8388608,
      16777216,
      33554432,
      67108864,
      134217728,
      268435456,
      536870912,
      1073741824,
      2147483648,
      4294967296,
      8589934592,
      17179869184,
      34359738368
    ],
    "runs": 10,
    "n_warmup": 5
  },
  "results": {
    "zero": {
      "size_bytes": [
        1,
        2,
        4,
        8,
        16,
        32,
        64,
        128,
        256,
        512,
        1024,
        2048,
        4096,
        8192,
        16384,
        32768,
        65536,
        131072,
        262144,
        524288,
        1048576,
        2097152,
        4194304,
        8388608,
        16777216,
        33554432,
        67108864,
        134217728,
        268435456,
        536870912,
        1073741824,
        2147483648,
        4294967296,
        8589934592,
        17179869184,
        34359738368
      ],
      "latency_mean": [
        2.1942400000989438e-05,
        1.8566400185227395e-05,
        2.558720000088215e-05,
        2.3001599870622155e-05,
        2.379519958049059e-05,
        2.3004800267517562e-05,
        2.2764800116419792e-05,
        2.3337600007653232e-05,
        2.255680002272129e-05,
        2.287999987602234e-05,
        2.275519985705614e-05,
        2.3078400269150735e-05,
        2.253440003842115e-05,
        2.2854400239884853e-05,
        2.2742400132119655e-05,
        2.2691199928522112e-05,
        2.350719999521971e-05,
        2.2780800238251683e-05,
        2.2771199978888032e-05,
        2.266879994422197e-05,
        2.3475199937820435e-05,
        2.3843200318515304e-05,
        2.2915199957787985e-05,
        2.3708799853920934e-05,
        2.6227199845016002e-05,
        3.1104000285267834e-05,
        5.0480000674724577e-05,
        7.984319850802421e-05,
        0.00013531840145587922,
        0.000247750400006771,
        0.00047295679748058327,
        0.000922847992181778,
        0.001828553593158722,
        0.003630419230461121,
        0.007237766361236571,
        0.014445350456237793
      ],
      "latency_std": [
        4.180406343292148e-06,
        6.663070907515276e-07,
        4.2438366960948855e-06,
        5.47901221217208e-07,
        2.521884110317861e-06,
        4.7451818933269616e-07,
        5.909523260501816e-07,
        2.134860795242945e-06,
        2.8566149379654544e-07,
        5.222961193981165e-07,
        2.9622018068737317e-07,
        1.7047802774293202e-06,
        1.67381790341413e-07,
        5.40373847676364e-07,
        4.6769301476840627e-07,
        3.5300209126080257e-07,
        1.852918891398755e-06,
        3.8518490898896515e-07,
        3.5263932564797316e-07,
        3.2197820655260295e-07,
        2.346636419974267e-06,
        2.278725743114309e-06,
        3.123731933293896e-07,
        6.205770201731326e-07,
        3.2608629978905264e-07,
        6.854282208385519e-07,
        4.5033659189045987e-07,
        1.7953932421853372e-06,
        8.223510535634103e-07,
        8.907052011123533e-07,
        8.293430191425242e-07,
        1.1456736122424315e-06,
        3.8901210929348034e-06,
        3.052255443609604e-06,
        9.112600235987961e-06,
        4.096133278583417e-06
      ],
      "bandwidth_mean": [
        4.557386612015584e-05,
        0.00010772147427864486,
        0.00015632816407665142,
        0.0003478018939985853,
        0.0006724045304128576,
        0.001391014033066113,
        0.002811357871481511,
        0.005484711365265676,
        0.011349127524388797,
        0.022377622498877855,
        0.045000703418672405,
        0.08874098620854559,
        0.18176654328565753,
        0.3584430093992821,
        0.7204164865985483,
        1.4440840547533882,
        2.7879117892954937,
        5.753617020876838,
        11.512085451932387,
        23.128176228562786,
        44.66739379333932,
        87.95597788823125,
        183.0358891795103,
        353.81833123926356,
        639.6876562935179,
        1078.781883110154,
        1329.414879219713,
        1681.016423540587,
        1983.7320949104162,
        2166.9830280206506,
        2270.274641827262,
        2327.0177387751196,
        2348.8331499109577,
        2366.0999038143987,
        2373.6424093502824,
        2378.601922611215
      ],
      "bandwidth_std": [
        8.682608967499256e-06,
        3.865885762560401e-06,
        2.592824534606221e-05,
        8.28468817540249e-06,
        7.126337794385363e-05,
        2.8692336061656668e-05,
        7.29801476408821e-05,
        0.0005017266241211294,
        0.00014372644695341286,
        0.00051082803565783,
        0.000585805292042052,
        0.006555215323575933,
        0.001350131771311847,
        0.008475095654610845,
        0.014815224274867906,
        0.022465303416747365,
        0.21975285967658456,
        0.09728395953459662,
        0.17827844181839728,
        0.3285029962427848,
        4.465058160885443,
        8.406067490825238,
        2.495090826272985,
        9.261182642561305,
        7.953322584725868,
        23.772747557595657,
        11.859828801785953,
        37.80015810017954,
        12.055449670450235,
        7.790675832319299,
        3.98099030559558,
        2.8888861883220853,
        4.9969798065743545,
        1.9892857692427874,
        2.988498564341738,
        0.674477958927126
      ]
    },
    "fill": {
      "size_bytes": [
        1,
        2,
        4,
        8,
        16,
        32,
        64,
        128,
        256,
        512,
        1024,
        2048,
        4096,
        8192,
        16384,
        32768,
        65536,
        131072,
        262144,
        524288,
        1048576,
        2097152,
        4194304,
        8388608,
        16777216,
        33554432,
        67108864,
        134217728,
        268435456,
        536870912,
        1073741824,
        2147483648,
        4294967296,
        8589934592,
        17179869184,
        34359738368
      ],
      "latency_mean": [
        1.8492799811065198e-05,
        1.9155200198292733e-05,
        2.3491199873387812e-05,
        2.3436800204217437e-05,
        2.4201600253582e-05,
        2.334080021828413e-05,
        2.3651200160384182e-05,
        2.345600016415119e-05,
        2.4000000022351743e-05,
        2.3094400018453596e-05,
        2.322239987552166e-05,
        2.3145600035786628e-05,
        2.347519975155592e-05,
        2.3862399905920027e-05,
        2.3043200187385084e-05,
        2.3280000314116477e-05,
        2.3158399946987628e-05,
        2.36863998696208e-05,
        2.3040000163018704e-05,
        2.2998400032520295e-05,
        2.3103999719023702e-05,
        2.330879997462034e-05,
        2.387840002775192e-05,
        2.4144000187516213e-05,
        2.7126400172710416e-05,
        3.168959990143776e-05,
        5.005120001733304e-05,
        7.923840060830115e-05,
        0.0001356320008635521,
        0.00024882880151271816,
        0.0004734911978244782,
        0.0009234975993633271,
        0.001850495982170105,
        0.003632687973976135,
        0.0072402047634124765,
        0.014449267196655274
      ],